<PAD>	1000000000
<UNK>	1000000000
<SOS>	1000000000
<EOS>	1000000000
-	7038
的	6692
`	5108
不	5030
人	5020
好	4994
是	4595
你	4535
我	4108
了	3560
有	3337
一	3293
去	2701
幹	2428
沒	2422
就	2418
國	2317
小	2027
會	2009
要	2006
都	1886
在	1884
說	1880
這	1853
到	1827
啊	1812
看	1760
吃	1731
嗎	1717
大	1628
台	1620
肥	1577
宅	1543
中	1517
想	1480
很	1427
來	1426
問	1391
還	1386
可	1301
麼	1288
個	1280
學	1179
開	1165
啦	1149
喔	1140
哈	1138
愛	1092
三	1056
子	1029
吧	1017
真	1015
以	1013
超	1003
阿	1001
過	996
用	990
點	988
女	963
錢	946
樣	923
他	920
天	909
上	900
什	876
多	876
也	872
那	871
時	867
灣	867
下	836
跟	832
文	830
家	830
先	812
生	798
覺	795
老	780
最	778
後	762
道	762
太	758
聽	754
出	752
妹	748
自	743
心	742
比	740
被	734
打	727
長	723
發	710
再	676
當	675
只	674
死	670
得	663
手	635
正	632
機	630
現	627
知	617
無	611
電	601
滾	600
買	599
頭	595
車	593
能	587
快	578
為	576
才	561
年	559
分	549
高	511
本	507
裡	503
成	501
公	498
變	493
話	493
QQ	489
叫	488
回	483
動	474
美	468
睡	460
哪	457
工	444
媽	444
馬	442
面	437
友	434
給	434
感	433
進	432
較	432
圖	429
起	429
氣	425
笑	424
惹	423
難	421
種	416
錯	415
別	414
明	408
水	407
幫	402
加	402
版	401
找	400
邊	398
認	381
玩	380
早	376
屁	376
部	371
己	369
北	368
姆	367
新	364
咪	363
喜	363
男	361
事	359
喇	359
怎	358
外	358
戰	352
拉	351
名	350
重	349
定	349
民	348
實	347
意	346
講	346
臭	344
體	344
請	342
兩	342
謝	341
像	340
該	338
關	338
做	338
法	337
雞	335
奶	334
東	332
對	331
應	330
然	330
師	327
放	327
又	326
直	324
甲	323
八	323
日	322
神	322
已	321
歡	318
幾	317
紅	316
尻	316
西	315
題	313
完	313
次	313
前	310
間	307
之	307
龍	306
花	306
殺	304
強	299
少	298
主	298
力	296
懶	294
油	290
爽	290
她	288
候	286
金	285
結	284
樂	283
包	281
業	280
把	279
經	277
欸	276
誰	276
懂	276
哥	275
門	272
掉	271
王	270
朋	268
篇	267
全	264
南	263
板	262
噁	261
堆	261
狗	260
等	260
剛	260
場	259
歌	259
路	257
眼	257
夠	256
賣	256
差	255
算	255
拿	254
行	254
假	253
卡	252
魚	252
張	252
貓	250
記	250
教	248
白	248
萬	247
婆	247
團	245
醒	244
廢	243
屌	241
字	240
選	239
寶	239
海	238
肉	238
接	238
黑	234
槍	233
準	232
地	232
物	231
喝	231
洗	230
風	230
帥	230
作	228
華	228
卦	228
英	227
盒	227
表	225
身	224
情	223
色	222
片	222
嘻	222
味	222
蓋	222
理	221
爛	220
考	220
第	218
口	217
裝	216
安	215
棒	214
店	213
二	212
所	212
緣	210
連	210
嘛	208
同	208
類	207
腦	206
讚	205
果	204
嘴	204
內	203
便	202
球	201
因	199
空	199
代	198
吉	197
爆	195
號	195
常	194
們	194
臉	194
音	193
香	193
著	192
念	191
備	190
拍	189
根	188
乾	188
化	188
轉	186
火	186
報	183
試	183
跑	183
影	183
班	182
月	182
換	181
韓	181
排	181
耶	180
兒	180
敢	180
書	180
夜	178
蛋	178
山	175
光	175
飯	175
數	174
走	171
支	171
告	170
巴	170
首	169
星	169
黨	167
和	167
啥	167
世	166
鬼	166
讓	165
寫	165
性	165
今	164
聲	164
菜	164
飛	163
麵	163
語	163
森	162
方	161
XD	161
士	161
單	160
醫	160
費	159
魯	158
始	158
越	158
具	157
滿	157
集	156
夢	156
林	156
原	156
熱	154
亞	154
呢	154
低	153
隊	153
娘	153
穿	153
哭	153
級	152
而	152
4	152
照	152
特	151
釣	150
怕	149
處	149
組	148
軟	148
險	148
解	148
科	148
票	147
信	147
住	147
線	146
聊	146
妳	146
軍	146
站	145
四	144
收	144
1	143
嗆	143
帶	143
貼	143
清	143
網	143
壓	142
底	142
警	142
克	142
豬	141
射	141
專	141
潮	140
圾	139
智	139
如	139
唱	139
餐	138
每	138
垃	138
騙	138
改	137
演	137
相	137
義	136
通	136
久	135
亂	135
半	135
交	135
其	134
員	134
葉	134
歐	134
靠	134
遊	134
壞	133
87	133
騎	133
膩	133
示	132
度	132
斯	132
彈	132
位	132
者	132
界	131
醜	131
爸	131
貴	131
掰	130
視	130
害	130
10	130
畫	130
精	129
保	129
賺	128
2	128
3	128
五	127
簽	127
園	127
姐	127
聞	127
養	126
送	126
腳	126
抓	126
期	125
市	125
反	125
賽	125
茶	125
讀	124
隻	124
平	124
合	124
配	124
輕	123
怪	123
晚	123
司	123
哦	123
弟	122
黃	122
戲	121
青	121
陽	121
標	121
統	120
屎	120
牛	120
抽	119
器	118
鐵	118
0	118
系	118
辦	117
麻	117
總	117
囉	117
毛	116
修	116
辣	116
校	116
流	115
煩	115
雨	115
更	115
插	115
窩	114
吸	114
從	114
政	113
魔	113
褲	112
失	112
冰	111
傳	111
腿	111
雷	111
贏	110
呀	110
痛	110
皮	110
檔	110
運	110
持	110
藥	110
梗	109
桶	109
冷	108
泡	107
粉	107
破	107
丟	107
亮	106
倒	106
救	106
遠	105
孩	105
母	105
整	104
識	104
十	104
百	104
翻	103
元	102
品	102
障	101
思	101
綠	101
立	101
舔	100
投	100
證	100
入	99
利	99
城	98
達	98
搶	98
離	97
掛	97
狂	97
股	97
牌	96
跳	96
普	96
米	96
血	96
衣	96
摸	96
崩	96
盜	95
服	95
約	95
der	95
尼	95
七	95
但	94
雄	94
蟲	94
角	94
拜	94
豪	93
討	93
豆	93
館	93
杯	93
調	93
資	93
勞	93
價	93
雙	93
敗	93
酒	93
房	92
炸	92
尿	92
鳥	91
硬	91
舉	91
質	91
奇	91
鍋	90
商	90
左	90
靈	90
練	90
島	90
8	90
課	89
藍	89
護	89
勒	89
湯	89
稱	89
歲	89
留	89
溫	89
床	89
補	89
提	88
9	88
條	88
管	88
闆	87
習	87
廣	87
播	87
輸	86
希	86
千	86
檢	85
望	85
輪	85
德	85
值	85
髮	85
形	85
拳	85
守	85
沙	84
逆	84
鄉	83
忘	83
停	83
病	83
武	82
慘	82
脫	82
際	82
切	82
毒	82
燒	82
格	82
牙	82
劇	81
陳	81
偷	80
見	80
九	80
咖	80
何	80
客	79
搞	79
糞	79
右	79
街	78
酸	78
領	78
恐	78
抱	78
劍	78
勝	78
式	78
術	77
木	77
波	77
節	77
素	77
莉	77
腸	77
齁	77
鏡	76
蠻	76
派	76
噴	76
務	76
套	76
憐	76
窮	76
社	75
飽	75
福	75
潰	75
容	75
食	75
塞	75
咧	74
續	74
石	74
聖	74
近	74
祝	74
鐘	73
參	73
醬	73
李	73
功	72
樓	72
些	72
麥	72
親	72
產	72
喵	72
川	72
顆	72
浪	72
指	72
龜	72
簡	72
呵	72
唸	71
建	71
概	71
蛇	71
區	71
言	71
操	71
貨	71
休	71
終	71
職	70
絲	70
模	70
院	70
察	69
查	69
兵	69
或	69
狀	69
料	69
背	69
乖	68
羅	68
趴	68
塊	68
衛	68
使	67
姊	67
佛	67
罵	67
六	67
型	67
凸	67
未	67
陰	67
R	67
恩	66
坐	66
某	66
基	66
密	66
量	66
爾	65
紀	65
室	65
列	65
肚	65
咩	65
烤	65
圈	65
廠	65
紙	64
鼻	64
需	64
港	64
確	64
刪	64
禮	64
懷	64
蘭	64
論	64
於	64
古	64
按	64
免	64
求	63
落	63
草	63
春	63
ptt	63
吹	63
午	63
桃	63
尾	63
餅	63
退	63
永	63
受	62
消	62
態	62
野	62
活	62
傷	62
權	62
計	62
乳	62
輩	62
獸	62
瓜	62
雲	61
土	61
曲	61
胖	61
仙	61
優	61
麗	61
目	61
康	61
局	61
限	61
鮑	61
藝	61
燈	60
創	60
向	60
營	60
砲	60
哩	60
順	60
X	60
婚	60
易	60
畢	59
乃	59
Q	59
官	59
霸	59
煮	59
刀	59
廁	59
詞	59
敵	59
鵝	59
惡	59
漢	58
臺	58
絕	58
幻	58
係	58
帳	58
20	58
戀	58
烏	58
防	58
歪	57
100	57
露	57
餓	57
必	57
暴	57
漫	57
命	56
迷	56
章	56
粗	56
負	56
7	56
鬥	56
繼	56
止	56
取	56
泰	56
樹	55
幣	55
各	55
周	55
程	55
甜	55
袋	55
蘿	55
興	55
深	55
鴨	55
驗	54
里	54
嚇	54
祖	54
聯	54
糖	54
造	54
猜	54
布	54
觀	54
甘	53
童	53
享	53
倫	53
歉	53
顏	53
睛	53
象	53
閉	53
蔡	53
志	52
異	52
鋼	52
怖	52
財	52
唯	52
速	52
斷	52
陸	52
仔	52
貝	52
屍	52
衝	51
筆	51
暖	51
極	51
技	51
維	51
5	51
議	51
非	51
熊	51
擅	51
宜	51
呼	50
趕	50
逼	50
案	50
蘇	50
盤	50
兇	50
居	50
健	50
製	49
慶	49
A	49
叔	49
刷	49
父	49
偽	49
與	49
除	49
步	49
存	49
誤	49
承	49
制	49
厭	49
蝦	48
至	48
騷	48
壁	48
史	48
冒	48
丸	48
賤	48
50	48
共	48
忍	47
初	47
洲	47
唷	47
虎	47
巨	47
靜	47
厲	47
GG	47
吵	47
慢	47
鍵	47
滑	47
苦	47
汁	47
耳	47
o	46
嗚	46
隔	46
閃	46
噗	46
咬	46
田	46
猛	46
夫	45
嗯	45
獵	45
薪	45
碼	45
例	45
爭	45
威	45
任	45
富	44
決	44
願	44
缺	44
故	44
治	44
挑	44
足	44
帝	44
雪	44
景	43
蹦	43
欠	43
銷	43
助	43
跨	43
答	43
由	43
追	43
炒	43
借	43
丁	43
姓	43
悲	43
12	43
圓	42
擊	42
宮	42
哇	42
頂	42
傑	42
楚	42
滅	42
緊	42
省	42
私	42
XDDD	42
蛤	41
律	41
印	41
嘉	41
剩	41
付	41
典	41
扁	41
良	41
複	41
弱	41
群	41
熟	41
傻	40
效	40
胸	40
亡	40
旁	40
濕	40
震	40
控	40
液	40
堂	40
炮	40
驚	40
復	40
竹	40
XDD	40
隨	40
州	40
泥	40
滋	39
導	39
洽	39
繞	39
鬆	39
充	39
姦	39
癢	39
搭	39
累	39
擔	39
蚊	39
捏	39
眾	39
待	39
設	39
菊	38
瘋	38
載	38
淨	38
刺	38
鮮	38
獎	38
招	38
抖	38
注	38
夾	38
偶	38
秒	37
戴	37
砍	37
胎	37
吼	37
測	37
藏	37
碗	37
河	37
瑜	37
善	37
吐	37
京	37
P	37
仇	37
減	37
含	36
秘	36
亭	36
殘	36
妻	36
雜	36
娜	36
句	36
梅	36
洋	36
厚	36
忙	36
旅	36
擠	36
榮	36
季	36
憶	35
禿	35
T	35
究	35
短	35
洞	35
劉	35
拔	35
昨	35
澡	35
剪	35
勢	35
規	35
率	35
秀	35
源	35
鼠	35
郭	35
罪	35
舒	35
夏	35
撞	35
顯	35
幸	34
蟑	34
螂	34
911	34
狼	34
默	34
堡	34
google	34
博	34
預	34
它	34
干	34
訴	34
番	34
孫	34
迎	34
唉	34
育	34
孤	33
柯	33
賭	33
惜	33
危	33
獨	33
宇	33
摩	33
鳳	33
府	33
錄	33
撿	33
抄	33
煙	33
透	33
符	33
往	33
研	33
升	33
骨	33
淫	33
舌	33
濟	33
牽	32
族	32
嘿	32
甚	32
棄	32
冠	32
談	32
胃	32
瘦	32
蜜	32
弄	32
30	32
索	32
牠	32
丹	32
散	32
v	32
暗	31
座	31
攻	31
封	31
雯	31
皇	31
戒	31
爪	31
微	31
挖	31
鹹	31
慰	31
G	31
塔	31
江	31
附	31
奴	31
嚴	31
況	30
譯	30
輯	30
材	30
農	30
許	30
襪	30
擋	30
歷	30
件	30
鬧	30
秋	30
裸	30
傲	30
陪	30
箱	30
範	30
沉	30
湖	30
膠	30
糧	30
恭	30
6	29
77	29
搖	29
陣	29
適	29
趣	29
淚	29
症	29
孔	29
爺	29
您	29
勇	29
喊	29
層	29
妮	29
引	29
釋	29
此	29
B	29
爬	29
縮	29
r	29
菸	29
胡	29
末	29
銀	29
18	28
羊	28
犯	28
罐	28
涼	28
孝	28
吳	28
冬	28
份	28
伯	28
po	28
沖	28
a	28
渣	28
環	28
髒	28
互	28
婦	28
凱	28
撐	28
吱	28
佩	28
移	27
拆	27
D	27
俠	27
申	27
慾	27
揮	27
誠	27
巧	27
啾	27
段	27
伊	27
朵	27
零	27
尋	27
蓮	27
訊	27
徵	27
肝	27
將	27
躺	26
爐	26
踢	26
混	26
架	26
頓	26
笨	26
幼	26
詩	26
拖	26
楊	26
擾	26
純	26
降	26
慕	26
息	26
頁	26
罰	26
庫	26
扣	26
積	26
遇	26
甩	26
潤	25
虛	25
欺	25
展	25
束	25
督	25
煎	25
噹	25
鞋	25
鴿	25
躲	25
漂	25
玉	25
矮	25
董	25
宗	25
雅	25
染	25
賊	25
500	25
響	25
登	25
橋	25
乎	25
獄	25
帽	25
航	25
游	25
慣	25
及	25
妖	24
R20	24
珠	24
擺	24
奈	24
擦	24
飲	24
腰	24
刻	24
凌	24
挺	24
蕉	24
珍	24
苗	24
晨	24
荷	24
顧	24
彩	24
境	24
池	24
撒	24
幕	24
56	24
糕	24
蔗	24
蘋	24
役	24
羨	24
奧	24
責	24
盡	24
針	23
鹽	23
啡	23
疑	23
炎	23
揪	23
嗨	23
繳	23
谷	23
墊	23
偉	23
曾	23
屋	23
寄	23
M	23
割	23
沈	23
謀	23
XDDDD	23
踏	23
壽	23
莎	23
執	23
跪	23
禁	23
莖	23
猴	23
滴	23
94	23
颱	23
叭	23
鎖	23
剁	23
舞	23
悔	23
億	23
週	22
癡	22
訓	22
溝	22
擇	22
判	22
惠	22
兄	22
握	22
40	22
拎	22
郎	22
1F	22
飄	22
逛	22
巷	22
奮	22
怒	22
兔	22
嫩	22
款	22
哀	22
萌	22
替	22
戶	22
企	22
監	22
訂	22
p	22
啟	22
託	22
嫌	21
妙	21
莊	21
暑	21
潔	21
斬	21
吞	21
5566	21
尊	21
堅	21
肩	21
松	21
急	21
閒	21
遍	21
嘎	21
畜	21
肯	21
佳	21
桌	21
CD	21
岸	21
筋	21
漲	21
呆	21
x	21
酥	21
汗	21
迪	21
偏	21
辛	20
13	20
餃	20
慮	20
核	20
牆	20
掃	20
O	20
舊	20
圍	20
24	20
療	20
仁	20
豚	20
哲	20
鄭	20
紫	20
魂	20
聰	20
C	20
銅	20
徐	20
毀	20
餵	20
22k	20
泳	20
獅	20
歸	20
捲	20
彎	20
供	20
FB	20
賠	20
丘	20
孕	20
宵	20
譽	20
細	20
搬	20
塗	20
臟	20
朝	20
扯	20
賓	20
嬤	20
搜	20
瑞	20
17	20
掌	20
納	20
旗	20
令	20
遺	20
costco	20
突	20
脂	20
粽	19
洪	19
般	19
寂	19
扮	19
螢	19
謊	19
且	19
滷	19
諾	19
啤	19
櫃	19
囧	19
倍	19
裂	19
痴	19
據	19
200	19
梨	19
灌	19
閱	19
協	19
羞	19
歧	19
菲	19
稅	19
輔	19
敲	19
彥	19
蕾	19
梯	19
姑	19
濃	18
櫻	18
蜂	18
庭	18
殼	18
棉	18
召	18
逃	18
黏	18
棟	18
蔣	18
汽	18
葛	18
籃	18
轟	18
卷	18
夯	18
編	18
醉	18
摳	18
15	18
賴	18
則	18
菇	18
伴	18
辱	18
盟	18
驕	18
介	18
競	18
11	18
激	18
虐	18
廚	18
腐	18
凍	18
蟹	18
購	18
榨	18
腎	18
惱	18
塑	18
駕	18
薩	18
灑	18
增	18
拼	18
蛙	18
哼	18
貧	18
縫	18
凶	18
隱	17
噢	17
60	17
寧	17
喚	17
祥	17
薯	17
暈	17
憲	17
診	17
黎	17
娶	17
窗	17
伍	17
穴	17
遲	17
即	17
憂	17
抗	17
姿	17
壢	17
瑪	17
另	17
恥	17
淋	17
澳	17
秦	17
兆	16
蟻	16
XX	16
莓	16
U	16
玲	16
塵	16
蔥	16
趁	16
鎮	16
脆	16
壯	16
餘	16
覽	16
嚕	16
晶	16
礙	16
尚	16
QAQ	16
叉	16
芙	16
蛆	16
qq	16
寞	16
徒	16
齒	16
鄰	16
勃	16
1000	16
淡	16
襲	16
灰	16
祭	16
gg	16
漏	16
捐	16
若	16
罩	16
殭	16
探	16
批	16
村	16
ok	16
霍	16
伺	16
屬	16
膚	16
game	16
莫	16
廳	16
嬌	15
橘	15
艦	15
楓	15
鹿	15
蹲	15
卻	15
摔	15
Google	15
妝	15
kobe	15
5f	15
置	15
猶	15
刑	15
邪	15
授	15
趙	15
op	15
翹	15
ikea	15
碰	15
耍	15
渡	15
眠	15
延	15
幽	15
恨	15
竟	15
霧	15
汪	15
漿	15
88	15
隆	15
佐	15
姬	15
船	15
嬰	15
朗	15
K	15
鈴	15
違	15
犬	15
墨	15
依	15
溪	14
罷	14
觸	14
邱	14
邏	14
嘟	14
鬍	14
饅	14
押	14
井	14
估	14
折	14
輝	14
疼	14
曬	14
捷	14
膀	14
柔	14
擬	14
蠢	14
斗	14
吊	14
沾	14
額	14
氏	14
雖	14
梁	14
嘔	14
賀	14
唐	14
採	14
癌	14
賢	14
杰	14
坦	14
翔	14
鷹	14
澤	14
傅	14
忠	14
頻	14
岡	14
央	14
萊	14
踩	14
瓦	14
瓶	14
磨	14
4ni	14
坡	14
耐	14
OP	14
桑	14
宙	14
凡	13
益	13
坑	13
曼	13
齊	13
嗑	13
仲	13
似	13
屄	13
燃	13
洛	13
綁	13
綿	13
藤	13
馱	13
勿	13
fb	13
齡	13
唬	13
檸	13
壘	13
喉	13
180	13
避	13
姨	13
婊	13
災	13
泉	13
伸	13
翅	13
撈	13
璃	13
施	13
礁	13
栗	13
炫	13
彰	13
杜	13
檬	13
腥	13
宿	13
忌	13
腫	13
穩	13
酷	13
疊	13
媒	13
磁	13
胞	13
誕	13
評	13
繩	13
劑	13
耀	13
債	13
啪	13
玻	13
賞	13
80	13
捧	13
娃	13
獻	13
get	13
浴	12
勤	12
蕭	12
300	12
臨	12
佑	12
邦	12
滯	12
垢	12
詐	12
肺	12
叛	12
潛	12
宏	12
碎	12
爹	12
織	12
豹	12
叮	12
贊	12
戳	12
嘍	12
蒸	12
洩	12
撲	12
椅	12
跌	12
返	12
蠟	12
y	12
晃	12
芭	12
捅	12
枕	12
緩	12
痔	12
頗	12
暫	12
line	12
扇	12
佰	12
74	12
聚	12
廟	12
寒	12
墓	12
誘	12
煞	12
桐	12
宣	12
棋	12
准	12
俗	12
端	12
植	12
裏	12
污	12
盛	12
裁	12
菌	12
仰	12
end	11
串	11
碟	11
均	11
碩	11
鼓	11
呦	11
s	11
紹	11
16	11
誇	11
鈔	11
遙	11
嬸	11
略	11
粥	11
砂	11
鬱	11
NBA	11
籤	11
頸	11
註	11
敏	11
屏	11
AV	11
瞪	11
鋒	11
雕	11
岳	11
虧	11
愈	11
君	11
228	11
粒	11
階	11
霜	11
掩	11
衰	11
佔	11
攤	11
儀	11
貞	11
咦	11
溜	11
援	11
辭	11
廂	11
VR	11
誅	11
蒼	11
蒙	11
皂	11
困	11
掏	11
蝶	11
90	11
傘	11
箭	11
錶	11
淘	11
致	11
剝	11
勾	11
25	11
XDDDDDD	11
霹	10
審	10
JJ	10
484	10
否	10
瑋	10
哎	10
籍	10
掀	10
lol	10
梭	10
攝	10
俄	10
余	10
鄧	10
仿	10
副	10
辜	10
努	10
嫁	10
21	10
尺	10
珊	10
撥	10
拒	10
kmt	10
薇	10
截	10
葡	10
蒜	10
b	10
啃	10
揍	10
豐	10
KMT	10
喬	10
廉	10
芳	10
玫	10
埋	10
賈	10
浩	10
碳	10
吻	10
腹	10
肌	10
袖	10
XDDDDD	10
碧	10
寸	10
柴	10
炭	10
茄	10
漆	10
租	10
址	10
慈	10
瑰	10
蘆	10
拐	10
119	10
靂	10
琴	10
gay	10
蜈	10
寺	10
焦	10
揚	10
眉	10
蚣	10
蹤	10
淹	10
30cm	10
鳴	10
峰	10
融	10
椒	10
vs	9
脈	9
烈	9
卓	9
ey	9
腺	9
勁	9
喪	9
培	9
彼	9
u	9
迴	9
諷	9
鯨	9
昆	9
扛	9
cd	9
籠	9
逢	9
浮	9
紋	9
尤	9
膜	9
喂	9
劃	9
ya	9
俊	9
墮	9
朱	9
拌	9
項	9
丫	9
IKEA	9
鞭	9
固	9
尖	9
4x	9
裙	9
倉	9
FBI	9
腔	9
肪	9
扭	9
丼	9
120	9
毅	9
愚	9
嫑	9
曹	9
赤	9
萄	9
尬	9
錦	9
斑	9
侵	9
19	9
柱	9
悶	9
琳	9
芝	9
nba	9
溼	9
烙	9
蕊	9
I	9
劣	9
銘	9
蛛	9
須	9
采	9
飆	9
艾	9
械	9
涵	9
漸	9
歹	9
誒	9
14	9
JP	8
騰	8
柏	8
抹	8
匙	8
熬	8
Y	8
劈	8
J	8
托	8
恰	8
蒂	8
膽	8
陶	8
劫	8
誌	8
坂	8
柳	8
HTC	8
晴	8
衡	8
嘶	8
斜	8
m	8
榔	8
jpg	8
紐	8
DER	8
驅	8
雀	8
檳	8
削	8
披	8
肏	8
鮪	8
崎	8
45	8
侮	8
陀	8
蕩	8
鍊	8
嚨	8
儲	8
貢	8
燕	8
軌	8
勵	8
迫	8
斤	8
72	8
委	8
youtube	8
27	8
桿	8
閣	8
yayakaka	8
膏	8
貪	8
Z	8
皆	8
帕	8
盧	8
窟	8
兼	8
瘡	8
績	8
app	8
r20	8
魏	8
繪	8
軒	8
猩	8
砸	8
隸	8
敬	8
2017	8
稀	8
00	8
螺	8
寬	8
欣	8
垣	8
yo	8
陷	8
抵	8
諒	8
喲	8
翰	8
悉	8
革	8
OK	8
棍	8
3000	8
73	8
online	8
后	8
Costco	8
嫂	8
ob	8
遮	8
奔	8
鯉	8
謂	8
g	8
c	8
抬	8
683T	8
糊	8
狐	7
夥	7
玄	7
肆	7
翁	7
旋	7
陵	7
堵	7
怨	7
湊	7
煉	7
鋸	7
3F	7
屑	7
426	7
催	7
扶	7
旺	7
毫	7
敷	7
2F	7
伙	7
蜘	7
糙	7
IG	7
蛾	7
BD	7
CCR	7
芬	7
佈	7
策	7
26	7
85	7
淑	7
揉	7
縣	7
宋	7
曉	7
稚	7
獲	7
鋪	7
彌	7
joke	7
氧	7
殖	7
cos	7
漁	7
薰	7
阻	7
枝	7
鯛	7
茫	7
勸	7
睪	7
贛	7
槓	7
貸	7
壇	7
祕	7
www	7
緒	7
101	7
鑽	7
墳	7
瞬	7
w	7
哆	7
兀	7
螞	7
2000	7
冥	7
CP	7
序	7
搓	7
霾	7
謠	7
赫	7
擼	7
飾	7
凹	7
憤	7
構	7
坤	7
勉	7
悟	7
刮	7
峽	7
28	7
卵	7
丑	7
奪	7
pass	7
堪	7
44	7
臍	7
KY	7
捕	7
淦	7
淒	7
LOL	7
昔	6
蓉	6
2016	6
V	6
趾	6
蠅	6
席	6
肖	6
傢	6
霉	6
諧	6
奏	6
岩	6
囊	6
孟	6
疆	6
5000	6
t	6
moptt	6
盆	6
杏	6
紗	6
損	6
av	6
扎	6
S	6
輛	6
蓬	6
潘	6
爲	6
嘆	6
敦	6
OuO	6
乞	6
藉	6
夕	6
鉤	6
22	6
淇	6
昏	6
蟬	6
婷	6
嘗	6
辯	6
邀	6
鶯	6
i	6
瀨	6
阪	6
play	6
49	6
36	6
DPP	6
巫	6
鋅	6
乏	6
SOD	6
XDDDDDDDDDD	6
弓	6
yoyodiy	6
欲	6
垂	6
駱	6
禍	6
YA	6
遜	6
GGrunrundela	6
sow	6
胯	6
妓	6
yoyo	6
ov	6
恆	6
魷	6
Rrr	6
kellymochi	6
絡	6
乙	6
35	6
禽	6
咕	6
框	6
BMI	6
慧	6
k	6
殊	6
鰻	6
ATM	6
並	6
謎	6
蕃	6
帖	6
羽	6
垮	6
嘖	6
燙	6
燥	6
妍	6
跩	6
捨	6
hebe	6
mv	6
駝	6
糟	6
zzz	6
hao123	6
LP	6
繁	6
鑰	6
70	6
f	6
霓	6
dpp	6
芋	6
燉	6
鑑	6
茹	6
燦	6
詹	6
橡	6
360	6
屠	6
闢	6
盾	6
裔	6
bye	6
軸	6
掙	5
69	5
患	5
咻	5
h	5
熙	5
淺	5
雉	5
諸	5
RS5566	5
JK	5
700	5
楞	5
函	5
GOOGLE	5
鹼	5
添	5
杖	5
昌	5
拋	5
弊	5
柚	5
嵐	5
僕	5
臘	5
MV	5
詭	5
悠	5
淪	5
尹	5
妞	5
LINE	5
旭	5
謖	5
飼	5
呂	5
惑	5
映	5
KTV	5
羈	5
緯	5
妨	5
閨	5
韋	5
擁	5
蚌	5
3D	5
濫	5
4k	5
飢	5
貌	5
刊	5
域	5
徹	5
述	5
暱	5
腋	5
詢	5
澎	5
泣	5
H	5
駛	5
奉	5
唇	5
81000	5
蔔	5
欄	5
埔	5
盲	5
醋	5
遣	5
潑	5
褻	5
芯	5
75	5
霞	5
j	5
梓	5
伏	5
爵	5
猥	5
憨	5
乘	5
64	5
顫	5
凝	5
葵	5
you	5
巡	5
坨	5
粹	5
117	5
丈	5
偵	5
甫	5
訕	5
魅	5
600	5
跡	5
稻	5
悅	5
鯊	5
W	5
范	5
寵	5
訪	5
昭	5
舟	5
燭	5
睏	5
迦	5
癖	5
馨	5
AA	5
羹	5
滔	5
ADSL	5
汙	5
芸	5
糸	5
牲	5
seafood	5
88888	5
餿	5
餌	5
刃	5
遭	5
趟	5
兮	5
鶴	5
俱	5
GET	5
耖	5
糯	5
150	5
覆	5
勳	5
驢	5
蝨	5
go	5
咒	5
稿	5
呃	5
詳	5
津	5
妄	5
孬	5
缸	5
醇	5
EQ	5
填	5
綵	5
甄	5
脖	5
2500	5
寨	5
蝴	5
嘲	5
舜	5
肢	5
酵	5
占	5
漠	5
划	5
鼎	5
UCCU	5
蠣	5
振	4
Ptt	4
sod	4
餒	4
QQQ	4
促	4
署	4
云	4
WOW	4
擲	4
曖	4
TVBS	4
zzzzzz	4
丙	4
昇	4
65	4
么	4
GAY	4
22K	4
矽	4
78	4
in	4
癮	4
key	4
ALT	4
QwQ	4
拚	4
遁	4
蠶	4
嘞	4
汰	4
牟	4
紮	4
蹟	4
卑	4
圭	4
E	4
巾	4
AI	4
纜	4
ki	4
穗	4
牧	4
艙	4
bravo	4
臥	4
剌	4
檻	4
麝	4
yee	4
勺	4
螃	4
穆	4
茉	4
兜	4
伐	4
瀉	4
mo	4
釀	4
卸	4
瘤	4
GO	4
娼	4
佬	4
APP	4
吠	4
486	4
渴	4
61	4
ininder	4
嗜	4
bang	4
琪	4
狄	4
蒐	4
蹄	4
喘	4
匿	4
吾	4
tt1069	4
濾	4
憋	4
赦	4
饒	4
SM	4
坪	4
芒	4
撕	4
輻	4
mvp	4
82	4
剃	4
zz	4
暢	4
摻	4
懿	4
bug	4
側	4
逝	4
茲	4
逐	4
庇	4
XDDDDDDDD	4
坎	4
唾	4
袁	4
氵	4
rr	4
靴	4
man	4
avi	4
888888	4
竅	4
綾	4
叩	4
涯	4
playone	4
瀟	4
鬚	4
卜	4
99	4
痰	4
郵	4
鍾	4
蒿	4
噎	4
矛	4
綱	4
鋁	4
樁	4
鏢	4
鸚	4
澆	4
桂	4
AMD	4
鎳	4
seabox	4
契	4
槽	4
拾	4
衷	4
q	4
譚	4
wifi	4
惦	4
asus	4
cp	4
朕	4
鴉	4
xx	4
冉	4
wwww	4
榜	4
挨	4
壺	4
胬	4
糾	4
4F	4
庚	4
繡	4
榴	4
攬	4
哮	4
high	4
于	4
婪	4
艇	4
僅	4
拓	4
旦	4
戚	4
藪	4
鎂	4
魁	4
薑	4
7533967	4
110	4
撇	4
虹	4
哨	4
椰	4
屆	4
幅	4
虱	4
realtw	4
誼	4
毯	4
礦	4
47	4
昂	4
吋	4
侶	4
酬	4
肋	4
溢	4
牡	4
耗	4
jay	4
JaneZhang	4
瞧	4
2015	4
丐	4
youtuber	4
嶺	4
蔘	4
屈	4
搗	4
姻	4
挪	4
筍	4
3310	4
哄	4
1999	4
縱	4
N	4
攏	4
綜	4
禪	4
枉	4
懸	4
曠	4
QOO	4
屯	4
闖	4
蟯	4
e	4
囂	4
165	4
槤	4
嚐	4
RR	4
薄	4
雌	4
虫	4
牢	4
踹	4
k3	4
42	4
娛	4
amd	4
夷	4
斌	4
儘	4
傭	4
PP	4
DJ	3
匹	3
距	3
DIY	3
瓏	3
689	3
i5	3
blaz	3
磚	3
晉	3
遷	3
剋	3
拇	3
NONO	3
侯	3
NTR	3
isis	3
LL	3
姜	3
WIFI	3
哉	3
or	3
噌	3
puma	3
菠	3
刁	3
霆	3
廷	3
埕	3
衍	3
崙	3
疫	3
麽	3
駐	3
33	3
4f	3
酪	3
F	3
妃	3
JAY	3
4000	3
焚	3
怡	3
棚	3
悍	3
紛	3
町	3
84	3
鑼	3
妥	3
憑	3
cc	3
ni	3
纖	3
拯	3
howhow	3
拷	3
軀	3
芹	3
蓄	3
穌	3
Dcard	3
矩	3
毳	3
鏟	3
2020	3
斃	3
PS4	3
綺	3
48	3
1949	3
la	3
泊	3
LBJ	3
仍	3
8888	3
孽	3
瑤	3
膝	3
8888888	3
摟	3
L	3
綽	3
zzzz	3
d	3
COSTCO	3
TT1069	3
VS	3
弦	3
狹	3
允	3
殤	3
ZZ	3
狸	3
rose	3
呷	3
遞	3
逗	3
襄	3
xddd	3
衫	3
薛	3
轎	3
咆	3
鈞	3
癒	3
鵲	3
51	3
彭	3
閹	3
懼	3
000	3
售	3
蟎	3
鱉	3
蜥	3
芽	3
濤	3
ITgoodtodrink	3
KD	3
亢	3
mayshowgunmore	3
10000	3
YouTube	3
鄙	3
蛹	3
茂	3
襯	3
稍	3
23	3
眨	3
旱	3
睜	3
closer	3
諜	3
note7	3
盔	3
瞳	3
忽	3
亦	3
MVP	3
hank	3
粘	3
栽	3
ROC	3
瑚	3
踐	3
辰	3
sorry	3
俐	3
郝	3
霖	3
膨	3
683	3
麟	3
墜	3
108	3
OO	3
瞄	3
舺	3
蝠	3
緋	3
裹	3
adsl	3
舅	3
嶽	3
途	3
666	3
槌	3
扳	3
亨	3
摺	3
X5	3
樺	3
揭	3
玖	3
mlb	3
嗶	3
6000	3
F4	3
痕	3
嫣	3
蟾	3
繃	3
履	3
札	3
Howdoyouturnthison	3
芥	3
Don	3
happy	3
128	3
躬	3
絞	3
抑	3
鬃	3
鵰	3
jojo	3
頌	3
OS	3
恁	3
斐	3
竊	3
蔓	3
逮	3
纏	3
陌	3
wiki	3
蜀	3
脾	3
boy	3
檯	3
償	3
steam	3
cool	3
IU	3
rrr	3
111	3
撤	3
姵	3
蒟	3
aq1	3
151	3
95	3
乂	3
嶼	3
沿	3
旨	3
XDDDDDDDDDDDDD	3
昧	3
匯	3
dcard	3
夭	3
瞎	3
BMW	3
澄	3
靚	3
愁	3
廊	3
椿	3
Go	3
宴	3
拱	3
憾	3
浣	3
xD	3
徑	3
ing	3
VPN	3
逸	3
34	3
鯰	3
御	3
澀	3
RAP	3
蚵	3
me	3
凜	3
橄	3
墾	3
奸	3
殿	3
OL	3
蝙	3
蒻	3
XP	3
9453	3
盃	3
脊	3
K3	3
壹	3
氛	3
low	3
39	3
艋	3
庸	3
斂	3
ED	3
嘰	3
儒	3
馥	3
蚤	3
殷	3
庵	3
仕	3
斧	3
敖	3
朔	3
no	3
baby	3
欖	3
blue	3
10k	3
live	3
貿	3
Gay	3
葬	3
摘	3
036	3
XDDDDDDD	3
伽	3
毆	3
140	3
椎	3
駭	3
穎	3
併	3
玷	3
momo	3
盪	3
呯	3
泌	3
筊	3
code	3
痿	3
龐	3
埃	3
wife	3
膛	3
Hebe	3
攜	3
販	3
BJ4	3
3DS	3
59	3
崔	3
鴻	3
TT	3
size	3
疾	3
217	3
Fire	3
兌	3
66	3
栓	3
Sony	2
碑	2
渺	2
錐	2
炳	2
凰	2
711	2
犧	2
苞	2
苑	2
瑩	2
僮	2
Online	2
HEBE	2
32	2
trivago	2
derla	2
疏	2
83	2
矢	2
P4	2
bmw	2
oo	2
躁	2
BJ	2
SMAP	2
裕	2
鉛	2
潭	2
緻	2
謙	2
Gakki	2
咚	2
壤	2
CA	2
泛	2
siri	2
uber	2
alphago	2
剎	2
曦	2
wwwww	2
屢	2
wootalk	2
Sai	2
usb	2
8888888888888	2
CK	2
100000	2
琥	2
嫲	2
penny	2
琦	2
刈	2
apak	2
杉	2
BZ	2
詛	2
匪	2
COCO	2
魘	2
h123	2
攔	2
弘	2
rabbit	2
002	2
叢	2
崖	2
kent	2
AP	2
easy	2
孜	2
妲	2
婿	2
闊	2
捍	2
姪	2
apink	2
壳	2
semen	2
7777	2
渝	2
懲	2
迺	2
Rio	2
焢	2
G8	2
SOW	2
蝓	2
NFL	2
羋	2
diu	2
簫	2
wwwwwwww	2
緞	2
is	2
哺	2
鞠	2
2300	2
proxy	2
Lin	2
z	2
QQQQ	2
Reuters	2
staff23	2
MLB	2
xd	2
sim	2
嚼	2
C8763	2
朧	2
87000	2
秤	2
NO	2
宰	2
矯	2
ChinaBlue	2
愣	2
iPad	2
嘯	2
蝸	2
AAAA	2
63	2
裘	2
蠍	2
62	2
嗷	2
竇	2
cosplay	2
EVA	2
俘	2
Kiikii	2
ntr	2
TED	2
玟	2
謹	2
a100	2
蛞	2
曰	2
BBS	2
靖	2
O2	2
婭	2
頰	2
3M	2
獼	2
2018	2
lovelive	2
CPU	2
祿	2
CSGO	2
Nike	2
Nokia3310	2
邵	2
愧	2
524	2
攀	2
崁	2
禱	2
撼	2
搔	2
92	2
蜍	2
home	2
Mo	2
掐	2
247	2
toyota	2
that	2
鴦	2
29182290	2
6F	2
135	2
琉	2
hi	2
鴛	2
奀	2
茵	2
臂	2
Eason	2
Mac	2
隧	2
I8	2
A1	2
Baby	2
424	2
boss	2
1600	2
guy4	2
藐	2
鱔	2
瓣	2
underlover	2
IV	2
HAIR	2
擎	2
888888888888888	2
匡	2
錠	2
case	2
気	2
醍	2
231	2
Yoyoyo	2
狠	2
Youcan	2
cubs	2
媚	2
褐	2
噸	2
77777	2
SR	2
test	2
bitch	2
鬨	2
錘	2
豈	2
Steam	2
JohnWick	2
笠	2
咱	2
禧	2
俺	2
昊	2
Hajime	2
harden	2
CNN	2
描	2
Master	2
萍	2
皺	2
征	2
smile	2
gayporn	2
樸	2
fat	2
nightwish	2
痠	2
竿	2
GTA	2
鞏	2
鱸	2
hy	2
靶	2
瀧	2
Ken3	2
open	2
豫	2
霄	2
孓	2
傾	2
叼	2
by	2
戮	2
措	2
Lancer	2
2ch	2
YT	2
弩	2
1f	2
158	2
荒	2
唧	2
478	2
曆	2
faple	2
嬉	2
瞞	2
鴇	2
鈉	2
葷	2
LAG	2
sex	2
feat	2
齣	2
橙	2
翼	2
儂	2
嶋	2
浸	2
塚	2
gogoro	2
QnQ	2
苔	2
1cm	2
鵑	2
朽	2
one	2
瑟	2
Facebook	2
307	2
蜴	2
HD	2
SSD	2
錨	2
jp	2
哧	2
WWE	2
鱷	2
NOTE7	2
沛	2
acer	2
English	2
apple	2
妣	2
哏	2
fbpo	2
涉	2
伶	2
蠕	2
燻	2
樑	2
緹	2
Spotify	2
ww	2
哽	2
毽	2
耿	2
輟	2
熄	2
貫	2
妒	2
wwwwww	2
嚶	2
蟳	2
燴	2
罕	2
381	2
茼	2
242	2
fatpork	2
淳	2
Yamaha	2
硝	2
ig	2
BabyRage	2
擴	2
壩	2
滄	2
氫	2
ncc	2
尷	2
Kyo	2
abgroundcolerful	2
Iliketo	2
990	2
cloud	2
3345678	2
賦	2
鱈	2
撩	2
ps4	2
溺	2
Idon	2
繭	2
rap	2
鮫	2
煲	2
棠	2
3p	2
苜	2
10p	2
elite	2
BF1	2
ABS	2
9527	2
Michael	2
犀	2
GAME	2
菱	2
4no	2
沼	2
wwwwwwwwwwww	2
SMOrc	2
楷	2
160	2
2B	2
neko	2
痞	2
眷	2
55	2
29	2
BB	2
葩	2
剖	2
臼	2
BBA	2
酋	2
袞	2
sony	2
while	2
瞰	2
慌	2
啄	2
pk	2
甯	2
粟	2
瑄	2
韻	2
LG	2
EMT	2
htc	2
pu	2
wwwwwwwwwww	2
948794	2
EY	2
僵	2
KP	2
鋰	2
136	2
絆	2
saymyname	2
YO	2
鍍	2
saber	2
娣	2
Chat	2
煤	2
8000	2
XDDDDDDDDD	2
舖	2
lix	2
菈	2
box	2
蟒	2
涕	2
1995	2
Ob	2
wwwwwwwwww	2
剿	2
318	2
8591	2
jptt	2
辨	2
elephant	2
275	2
拗	2
ON	2
券	2
2012	2
wakeup	2
NHK	2
kmter	2
MIT	2
予	2
Exhentai	2
寢	2
191	2
戈	2
詠	2
奎	2
928	2
mentalk	2
捉	2
冊	2
4fsafe	2
艷	2
talk	2
420	2
OGC	2
nerf	2
ktv	2
痣	2
瓷	2
Apple	2
楔	2
趨	2
nigga	2
叨	2
twice	2
DC	2
1200	2
岐	2
liliumeow	2
会	2
灘	2
汝	2
倪	2
kappa	2
摶	2
777	2
1985	2
up	2
05	2
禦	2
棗	2
atm	2
朦	2
HW	2
push	2
BL	2
廖	2
仗	2
com	2
139	2
hen	2
HIGH	2
86	2
It	2
WTF	2
崗	2
庄	2
TOYOTA	2
瞌	2
碾	2
44444	2
Excel	2
YG	2
gaybar	2
B8	2
甭	2
prettytight	2
014	2
捆	2
PASS	2
Xd	2
wwwwwww	2
PPT	2
枯	2
韌	2
絮	2
K6v	2
璋	2
巔	2
躍	2
鯡	2
987	2
扌	2
惇	2
柬	2
畔	2
豊	2
109	2
萎	2
foxy	2
501	2
潲	2
帆	2
唔	2
卿	2
揹	2
kkbox	2
蠱	2
疲	2
筒	2
蔬	2
醐	2
轅	2
糰	2
reddit	2
jackd	2
ALLIN	2
fuck	2
蟀	2
2014	2
145	2
dos	2
100p	2
闐	2
Ok	2
BobDylan	2
02	2
汀	2
蘑	2
750	2
visa	2
诶	2
VOD	2
Taiwan	2
喻	2
kiss	2
ccr	2
冤	2
螯	2
087	2
猿	2
ema	2
饗	2
狙	2
yahoo	2
誓	2
挫	2
08	2
tag	2
滲	2
enter	2
50P	2
xdd	2
nacy	2
糗	2
瞇	2
褚	2
彬	2
蟋	2
葫	2
Op	2
募	2
400	2
阱	2
MFC	2
76	2
焰	2
The	2
蠔	2
贈	2
寡	2
籌	2
噬	2
鈣	2
Firstshadow	2
岱	2
wwwwwwwww	2
舍	2
晾	2
齋	2
笛	2
晏	2
脹	2
竄	2
iPhone	2
0204	2
1989	2
亻	2
win10	2
撬	2
ed	2
444	2
wbc	2
END	2
MP	2
Obov	2
劾	2
JapariPark	1
seven	1
櫥	1
Xdddd	1
GoodLuck	1
B52	1
opera	1
vlog	1
Sunburn	1
Xddddd	1
扒	1
OhmyladyI	1
taki	1
gayparty	1
theend	1
damnit	1
boooo	1
7878	1
cheers	1
56ig	1
36k	1
摯	1
JAPARIPA	1
emome	1
100P	1
蕙	1
walkthisway	1
ProblemMaker	1
閑	1
侈	1
緬	1
Pianoman	1
Kirakira	1
399	1
suckmydick	1
AKAWeiken	1
腕	1
磋	1
Goodnight	1
瀏	1
Mi	1
蹷	1
ion	1
TWIce	1
song	1
囪	1
WeBePP	1
obo	1
FIGHTING	1
thx	1
TAS	1
HIV	1
Etlux	1
3k	1
say	1
Iwanttoplayagame	1
Barbiegirl	1
hbo	1
AC	1
OnebeerforKaiji	1
Teitch	1
debuger	1
暨	1
Yeeeeeeee	1
kyo	1
altis	1
咳	1
36C	1
Jiggers	1
魟	1
careerwoman	1
没	1
ai	1
iem	1
MIO	1
KungfuKenny	1
AHQ	1
winterishere	1
HG	1
Ford	1
feedly	1
厝	1
193	1
hush	1
coco	1
refuse	1
optimal0204	1
350	1
oxxxxcat	1
12F	1
nero6	1
TICC	1
c710	1
MadMen	1
http520	1
18av	1
2f	1
LilyLily	1
Gottafuckupandtry	1
6JT	1
鲍	1
travigo	1
33333333333	1
70kg	1
linux	1
ky	1
T8IE	1
t4	1
隴	1
悚	1
Rowana	1
7749	1
締	1
179	1
afk	1
1P	1
greedy	1
tapeout	1
SPSS	1
Liv	1
Whocare	1
Whatthefuckisthis	1
76XX	1
20UP	1
iseeyou	1
theHum	1
MartinGarrix	1
3600	1
蠼	1
fi	1
slut	1
scatmanjohn	1
pi	1
123	1
塘	1
礼	1
makeloveok	1
311	1
犇	1
rtu	1
400w	1
Ihaveadick	1
You	1
RY	1
Jackson	1
youkober	1
seveneight	1
fbi	1
wikifeet	1
hotissue	1
Meteor	1
mama	1
stay	1
Lambo	1
shok	1
WIN10	1
Nacy	1
Hitler	1
Nokia	1
job	1
鄔	1
Line	1
pdf	1
Test	1
UU	1
浙	1
Tenga	1
歎	1
currry	1
Gstar	1
rock	1
ContentManagerSystem	1
MG42	1
boyo	1
唰	1
Foodpanda	1
shemale	1
0617	1
176	1
芮	1
Yee	1
佗	1
KataMara	1
XDXD	1
STD48	1
3k1h1s	1
onCVC	1
5S	1
uryyyyyyyyyyyyy	1
枚	1
SQLINJ	1
HPPP	1
hole	1
gta5	1
Radwimps	1
CREEP	1
1234567	1
ob0	1
DAGG	1
Frenchfried	1
3cm	1
ESPN	1
SH	1
BMI50up	1
LIHI	1
Metoo	1
帷	1
榕	1
Topgun5566	1
zeff	1
悸	1
Jack	1
xisaboutpower	1
遐	1
闇	1
roses	1
烋	1
derno4	1
躧	1
kof14	1
goldenage	1
癲	1
吮	1
1K	1
Mr	1
Hail2U	1
onthefloor	1
tar	1
DT	1
鷺	1
93	1
Pavone	1
QQQQQQQQQQ	1
1400	1
30mm	1
ssd	1
7cm	1
Clingcling	1
chyokigupa	1
吟	1
呻	1
WECHAT	1
NSFWList	1
SomethingFromNothing	1
4ch	1
蹛	1
Varfangoolloo	1
222222222222222	1
hentai	1
彷	1
box484	1
Lara	1
Taichung	1
babymetal	1
Mayshowgunmore	1
GG3	1
杆	1
Shapeofyou	1
NoBall	1
o2mania	1
tabata	1
TOVIRICHI	1
sp	1
16gb	1
Grindr	1
UNIQLO	1
Roar	1
alpha	1
Dio	1
覔	1
Ikea	1
lisa	1
Resososidosila	1
R2D2WHEREAREYOU	1
WestLife	1
Bitchsitdown	1
07	1
Tears	1
惢	1
茸	1
祁	1
888XD	1
168	1
Faded	1
獒	1
璐	1
yummy	1
0806449XDDDD	1
RAT	1
gon	1
09487	1
Howhowx	1
515151	1
婕	1
RRRRR	1
and1	1
峻	1
TCARE	1
ben	1
winteriscoming	1
250	1
1300	1
GTA5MOD	1
FGO	1
Yuju	1
MacBookpro	1
膿	1
IA	1
matlab	1
説	1
CIA	1
徴	1
GGGGGGGGG	1
sueprdry	1
tknow	1
227	1
産	1
763	1
kangaroo	1
madeinChina	1
take	1
2xK	1
BLAZ	1
yamaha	1
XL	1
饞	1
Me	1
2g	1
nokia	1
467	1
循	1
杞	1
鸞	1
passport	1
gotit	1
Alanwalker	1
porz	1
Sounding	1
DaydreamCaf	1
ggd	1
渠	1
HKT48	1
10950	1
QQOOQQOOQQOO	1
异	1
level	1
001	1
nacy204327	1
堤	1
UPLAY	1
yogurt	1
PiTT	1
allrubbish	1
888888888888	1
utadahikaru	1
care	1
server	1
aa	1
Cityostar	1
狡	1
UCSB	1
tlookbackinanger	1
shumeisanmo	1
Jr	1
Bmi32	1
PRANK	1
penis	1
Amelie	1
薔	1
COVER	1
birdjesus	1
30CM	1
咁	1
Ov	1
chisa	1
GTR	1
brun	1
123456789	1
HohmannTransfer	1
mix	1
AlexandreDesplat	1
濱	1
焼	1
ie80	1
poi	1
LIne	1
KASU	1
BradPitt	1
886	1
BigMamma	1
tfuckanymore	1
xposed	1
Qoo20811	1
毋	1
movie	1
殲	1
mum	1
soap	1
tone	1
185	1
fiftyman	1
N8	1
pinkin	1
nsmd12556	1
nostalgia	1
835	1
Hi	1
1992	1
RichardFeynman	1
456	1
superlovemv	1
sushi	1
11F	1
柑	1
100miles	1
103	1
momo1244	1
mazda	1
鏈	1
allin	1
AMA	1
Rrrr	1
wuyiu	1
maple	1
Isitgoodtodrink	1
24k	1
2222222222	1
airwaves	1
WIFE	1
utuber	1
Girls	1
setting	1
Re	1
Id5566	1
猪	1
K7	1
zzzzz	1
灷	1
ASUS	1
gaysai	1
thisav	1
Saythreesmall	1
fuckslowly	1
kissmyasus	1
whatsong	1
恍	1
魑	1
rm	1
叡	1
skt	1
jacklareaper	1
oncall	1
AAA	1
跔	1
Macau	1
Ku	1
aaaasss	1
Maze	1
Xdd	1
鶩	1
Saymyname	1
pttbest	1
callmebaby	1
SIZA	1
Yahxx	1
yura	1
SKF	1
over	1
easyeasy	1
slogan	1
Fat	1
BIMO	1
japan	1
1432	1
MT07	1
TB	1
4chan	1
迸	1
0000000000001	1
samore	1
THANKYOU	1
StoneCold	1
kanasai	1
kerr	1
Boystalk	1
booker12	1
garbage	1
minimum	1
ner	1
148487	1
YH	1
lightsaber	1
neo	1
WC3Custommap	1
GordonRamsay	1
Onlyyou	1
薈	1
port	1
pocky	1
蜰	1
釾	1
anything	1
pttnewwelltea	1
亜	1
asshole	1
firefox	1
攣	1
alin	1
DOCTORWHO	1
gamble	1
pppepvc	1
暇	1
繫	1
BANG	1
1111111111	1
Alife	1
Dcup	1
9F	1
cappuccino	1
56K	1
feelbadman	1
Coldplay	1
bloodyberry	1
Satta	1
bad	1
2k17	1
GOOGLEBOKU	1
fun	1
209487	1
Ya	1
皋	1
tt	1
airforce1	1
軋	1
wwe	1
GaGa	1
breast	1
愉	1
Closer	1
蘢	1
wallby	1
7der	1
hao	1
俏	1
ryu	1
紂	1
颺	1
碌	1
undertiger	1
BEEF	1
Sup	1
欯	1
878787	1
jizzeachother	1
絨	1
吶	1
惰	1
MOD	1
HI	1
Aqours	1
CNC	1
turnontheradio	1
Bigboss	1
cinemax	1
bestregards	1
bgm	1
嘀	1
橫	1
潟	1
祈	1
picturesofyou	1
indifference	1
Sow	1
broker	1
参	1
SER	1
Unrealengine	1
TPE	1
sg	1
昱	1
BattleBots	1
WHO	1
thave	1
R2o	1
khail	1
chingchong	1
紊	1
1FXD	1
mitsuhamywaifu	1
倚	1
dp	1
era	1
Staff23	1
md	1
thedevilwearsbraja	1
PetaExaZettaYotta	1
Trump	1
linebubble2	1
911turboS	1
2k1687	1
cena	1
niggrunrundela	1
tseeme	1
ahq	1
艱	1
Selina	1
mustangwanted	1
Westdoor	1
aimer	1
筏	1
show	1
淆	1
F10EQ	1
viao	1
1440	1
BTS	1
乓	1
晡	1
GOOGLEFC2	1
calljungler	1
awp	1
gigi	1
mia	1
SibylSystem	1
ItookapillinIbiza	1
Imloser	1
morae	1
SODA	1
Sp	1
搂	1
宸	1
PPP	1
Ican	1
han	1
googlemap	1
姣	1
Minimum	1
GU	1
裳	1
xddddd	1
茱	1
comiket	1
1bit	1
turboortrouble	1
vogue0806	1
index	1
LOVELOVE	1
YUNA	1
氪	1
驛	1
mos	1
oasis	1
NATURALKITCHEN	1
braunstrowman	1
14000	1
asswecan	1
887	1
Super	1
miuptt	1
masterslave	1
QQ88	1
z2	1
StargazyPie	1
攪	1
APPLEmusic	1
exponential	1
lolic	1
ulcer	1
2000z	1
A2	1
TTisleman	1
godisagirl	1
FOB	1
votewaldo	1
漓	1
RX	1
2120	1
閻	1
Cas	1
Iphone7	1
BigHero6	1
LA	1
諶	1
窯	1
wtfman	1
Joke	1
wego	1
啵	1
virus	1
荖	1
soreloser	1
咲	1
暝	1
僑	1
htc10	1
40010	1
蛀	1
Happysong	1
鷄	1
築	1
DasBoot	1
卉	1
777777777	1
Zxc	1
iPhonesetting	1
nice	1
216	1
薙	1
誣	1
2320	1
鉻	1
SK	1
akemi	1
Gordonramsay	1
ichwill	1
DaftPunk	1
髏	1
airwork	1
蚯	1
豔	1
WC	1
espn	1
MIU	1
cn	1
35ptt	1
LastOrder	1
釁	1
AB	1
zzzmasterbate	1
redhead	1
HellKitty	1
9218	1
1T800	1
2700	1
TOEIC	1
wellcometoghostisland	1
蟭	1
sport	1
ddos	1
氓	1
apk	1
limoncool	1
elohim	1
sourcecode	1
檎	1
holkhogan	1
aceinhisass	1
shakeshack	1
寿	1
drive	1
搥	1
143kg	1
shootingstar	1
netscape	1
塩	1
沮	1
臊	1
JTeam	1
GDI	1
1828882	1
fenish	1
MJ	1
彿	1
Moonwalk	1
GTAV	1
鬣	1
charlie	1
GTAGO	1
taipuomgtai	1
Willyw	1
JeffKent	1
UMF	1
hajime	1
ONE	1
El	1
Zzzzzzzzzzz	1
FC2	1
363	1
遼	1
bemyboob	1
Costdown	1
155	1
listenonrepeat	1
clownprank	1
treatyoubetter	1
EvaR17	1
觴	1
Thinking	1
FOX	1
Pmgo	1
魍	1
KHS	1
vw	1
yesplease	1
ma19	1
砦	1
BBCLL	1
butifyoustay	1
Melody	1
yourmother	1
MCHotdog	1
bangobango	1
Fuck	1
thisismj	1
蝂	1
BurnBurn	1
beats	1
Google1man1jar	1
wiselike	1
87o	1
eraser	1
Peanutsavemagic	1
913	1
chrome	1
ggdainin	1
盞	1
kungfufighting1974	1
Susan	1
红	1
圳	1
MOA	1
AR	1
18058	1
琣	1
RedHat	1
naturelog	1
啼	1
12K	1
showgunfordummies	1
KLG	1
Backtobedlam	1
ouo	1
孵	1
Dpp	1
88888888888888	1
F91	1
鎧	1
oo7	1
Agame	1
痊	1
Acup	1
銃	1
defender	1
Tizzybac	1
GIJoe	1
Clark	1
gmail	1
僞	1
lememeXD	1
噶	1
cover	1
YOUTUBER	1
78787	1
鎗	1
PM2	1
007	1
姍	1
蕫	1
123test	1
Shelter	1
RobertMcCall	1
6XL	1
llRemain	1
囚	1
avbs	1
蠹	1
awesome	1
濁	1
Gianyiball	1
Faraway	1
ONEMAN	1
GambleGhost	1
Murphy	1
rightnow	1
130G	1
itunes	1
Yamapi5566	1
尢	1
JYP	1
hoder	1
梟	1
棺	1
kiGo	1
LadyGaga	1
snot	1
sister5566	1
881	1
jp6vu04boy	1
Wadashi	1
poe	1
88998	1
KristenDunst	1
doingthewrongthink	1
Aska0910	1
BVB	1
3C	1
煨	1
盈	1
Warrior	1
boobbox	1
Wayne	1
minigun	1
傍	1
TK	1
痂	1
hede	1
暮	1
683t	1
inoreader	1
dara	1
665487	1
枒	1
懺	1
鬘	1
NGO	1
seagate	1
Hikakin	1
Revenge	1
smackdown	1
眺	1
131	1
驈	1
Mine	1
Kitty94	1
EvaGreen	1
壼	1
cubapiso	1
giveme5	1
SuperRiskybuild	1
460	1
5fjojo	1
盂	1
wechat	1
41	1
Y9	1
YOYODIY	1
FC3	1
mobilegame	1
BEETALK	1
87youtuber	1
ibaka	1
plurk	1
COSTCOLevis999	1
223	1
闈	1
good	1
anal	1
chord	1
S810	1
pay	1
IRefuse	1
燜	1
Siu	1
data1728	1
Iphone44	1
dochi	1
虓	1
106	1
PAPADOG	1
氕	1
Tiesto	1
pizza	1
OVER	1
pokemon	1
jyp	1
Cestlavie	1
Fireinthehole	1
old	1
su	1
shutdown	1
an	1
AEIUEOAO	1
st9760916	1
cuxi	1
geegeegeegee	1
艹	1
300p	1
GetLucky	1
683TXDDDD	1
耕	1
DDR4	1
opop	1
毌	1
rrrrrrr	1
臀	1
jasome	1
sweet	1
pot	1
bananaline	1
likeyou	1
AVnight	1
涪	1
accord	1
jefuejwsiwoj	1
9000	1
gps	1
閏	1
徽	1
onkyo	1
0530	1
iloveyou	1
SEEMOMToldU	1
毓	1
localminiman	1
嗦	1
8800	1
穢	1
121	1
88888888	1
ubike	1
AG	1
190	1
png	1
炯	1
skoda	1
橇	1
521	1
whiten	1
胰	1
Youf	1
Myhere	1
150km	1
鎬	1
sienna	1
桓	1
HENTAI	1
pagenotfound	1
LF2	1
甥	1
TFBOYS	1
喱	1
諮	1
applemusic	1
ThenYouLookatMe	1
Bigboobseverywhere	1
sowhat	1
726	1
174	1
遂	1
LandRover	1
paca	1
OAO	1
冗	1
OMG	1
MrDJ	1
潦	1
wish	1
Superwet	1
珂	1
SlimShady	1
璞	1
GGinreallife	1
Nba	1
1997	1
Nunes	1
melody	1
gllgoe	1
fullof	1
Refrigerator	1
Migoencyan	1
japon	1
Iderror	1
youknownothing	1
郡	1
THE	1
FA	1
28Ptt	1
codingstyle	1
Iseeu	1
迅	1
HY	1
pepper	1
RICKCHEN	1
222222222222222222	1
518QQ	1
4FXD	1
YouTobe	1
Boy	1
熏	1
HangTen	1
牝	1
Team	1
onlytrueman	1
RG	1
xyz	1
譴	1
133221333123111	1
bg	1
瑁	1
Paul	1
213	1
煌	1
燼	1
cs	1
yeah	1
咘	1
u9	1
chinesefood	1
NTULAW	1
Man	1
窘	1
motherscientist	1
0f	1
1998	1
扔	1
浦	1
PSV	1
菓	1
T55	1
SP	1
撫	1
ubi	1
摹	1
PY	1
298774	1
budalearning	1
cg	1
ons	1
涂	1
410	1
QQY	1
8888888888	1
cardsofhouse	1
LEXIBELLE	1
GG3B0	1
470480	1
冴	1
tpass	1
uN	1
partner	1
pcman	1
儸	1
cp9	1
実	1
垠	1
Chickenattack	1
ZZZZZZZZZZZZZZ	1
画	1
adj	1
忒	1
1987	1
ROLEX	1
謗	1
sgone	1
OX	1
Ihaveanapple	1
nigger	1
Hardwell	1
Anna	1
shamballa	1
Nichtsogut	1
Rs5566	1
58gua	1
2011	1
Jacky	1
PC	1
LMS	1
R2ONTT	1
prayfor	1
Ip	1
injail	1
LBGT	1
CP9999	1
伝	1
喰	1
CCRby	1
Yoooooooooo	1
Coco	1
BBBBBBBBBBB	1
艘	1
arduino	1
Ihaveadream	1
寇	1
fireinthehole	1
8767653	1
floatintegerboolean	1
妤	1
sboobs	1
uno	1
菁	1
RRRRRRRRRRR	1
P5	1
566	1
Fall	1
翊	1
timer	1
581	1
Cherry	1
瞻	1
realcn	1
au	1
zaza	1
mailto	1
raw	1
玠	1
瑀	1
Macrosoft	1
蜚	1
SouthPark	1
tech	1
SAVE	1
荔	1
101y	1
沂	1
dy	1
ConfusedNickYoung	1
chy	1
130kg	1
rapperraper	1
咔	1
既	1
Wenger	1
娠	1
ios10	1
袍	1
Diablo2	1
liang	1
呸	1
NEET	1
125	1
褥	1
turtlepower	1
MEQQ	1
obvo	1
韭	1
覓	1
3R	1
銳	1
Uniqlo	1
醣	1
綮	1
c4	1
joooooooohncena	1
Seasonic	1
realAmerica	1
Hao	1
倩	1
sayitwithaheartbeat	1
twitch	1
1xux	1
87777777	1
焊	1
magicfind	1
Sowhatwesmokeweed	1
BarPaly	1
AorC	1
Pence	1
Netflix	1
gamegame	1
BGM	1
golddigger	1
NTU	1
瀑	1
Helloworld	1
240	1
WeAreX	1
678	1
WorldOrder	1
faketaxi	1
hhh	1
Hangten	1
溥	1
呱	1
Dragonite	1
叁	1
zf3	1
1004	1
聳	1
python	1
囍	1
esity	1
GGnJJininder	1
localnetwork	1
cook	1
rude	1
MDX	1
401	1
蝏	1
沃	1
Wow	1
CCMR	1
GGGGGGGGGGGGG	1
Kmt	1
patek	1
菘	1
End	1
can	1
o01	1
download	1
Authy	1
穂	1
OKEND	1
1863T	1
LDS	1
22222222222222	1
17zzz	1
蚪	1
reverseM	1
madoka	1
touchBB	1
tsee	1
ant	1
FIR	1
黒	1
Disgusting	1
2F777777777	1
襠	1
500p	1
瑕	1
DJSODA	1
Yeeiyeel	1
Chrome	1
yourgrace	1
歛	1
瘓	1
beyond	1
R2D2	1
whysoserious	1
NativeAmerican	1
ublock	1
0A	1
feel	1
KMTXDDD	1
nyc	1
OUTLET	1
scottrade	1
T28	1
for	1
Wallmart	1
kmtdpp	1
98	1
vanillakernel	1
TWICE	1
VHS	1
SuperCry	1
ps4vr	1
RS	1
flag	1
March	1
斈	1
696	1
UsainBolt	1
DQ7	1
嚏	1
cumonin	1
驊	1
膳	1
冇	1
XCEOX	1
晒	1
blitz	1
pollo	1
阝	1
0ov	1
L4d2	1
PRC	1
36D2433	1
gun	1
254	1
JustinBieber	1
k6	1
StarBurst	1
鉉	1
iPadPro9	1
areyousleepy	1
碘	1
Naomi	1
綻	1
okcomputer	1
貶	1
superwet	1
jk	1
麋	1
lalaland	1
honesttrailer	1
hypocrites	1
te	1
japari	1
括	1
Elekedji	1
nini	1
tfeedtroll	1
LHC	1
xxxxx	1
FlynnZhang	1
clacls	1
switch	1
SeaMonkey	1
Bignan	1
絜	1
ggrunrun	1
64bit	1
TBS	1
Heyapple	1
mit	1
bemyboyo	1
Kno	1
mews	1
i7	1
psv	1
thejohn	1
Rapeface	1
hongan	1
吭	1
桔	1
PM	1
瀆	1
鄒	1
googleplay	1
How	1
bojunp	1
sram	1
bubble	1
Ro	1
錫	1
盯	1
Mi3	1
Malamute	1
Xxxx	1
畝	1
2fQQ	1
by2	1
ouni	1
andy	1
alone	1
273	1
COOPER	1
battlegirlhighschool	1
mimimi	1
Durant	1
790	1
only	1
縛	1
MIB	1
CoCoLee	1
堃	1
MIS	1
AAAAAAAAAA	1
p2	1
noreg	1
笈	1
petersu	1
軼	1
磯	1
Yahoo	1
Costc0	1
EarthDay	1
Oral	1
泄	1
crunchie	1
ANX	1
TMASS	1
total	1
Slashing	1
瑣	1
Mobley2005	1
177	1
American	1
MASTER	1
ES	1
滬	1
keyboard	1
晰	1
4426	1
jerkout	1
燎	1
kk	1
IDreamedaDream	1
paper	1
Ice	1
Allahuakbar	1
thor	1
pantyhose	1
sexty	1
矇	1
vios	1
鱼	1
jjjjjjjj	1
Wechat	1
madao	1
carter	1
摧	1
Firstblood	1
GTAGAY	1
niconicoer	1
MakeAmericaGreatAgain	1
ac	1
lg	1
NT500	1
騒	1
WasabiDay	1
419	1
summerlesson	1
XDDRZ	1
GROWLr	1
itwillkill	1
Do	1
夊	1
shy	1
deepsnow	1
篸	1
DER4	1
HOWMUCH	1
person	1
UUU	1
tigerduck	1
3DM	1
悪	1
餡	1
Reddit	1
yesterday	1
gearup	1
GigaCircle	1
悖	1
gakki	1
812z	1
googleQ	1
McAfee	1
7788	1
cy	1
XDDDDDDDDDDDD	1
XDDDlovesow	1
vpn	1
minit	1
CANBLOW	1
粱	1
bubu	1
阚	1
googlepaisura	1
Rihanna	1
zawazawa	1
Ohmygod	1
124	1
jcs	1
UnlimitedBladeWorks	1
2k	1
js52666	1
punk	1
3017	1
airpods	1
qrcode	1
蹓	1
瘸	1
realforce	1
249	1
tiesto	1
35UP	1
DDOS	1
Youarefired	1
ShootingStar	1
LIVE	1
366	1
juicy	1
8XL	1
廝	1
吏	1
1080p4k	1
vit	1
B12	1
philhorn	1
漵	1
trick	1
蝌	1
SFOnline	1
Whygrow	1
iv	1
175	1
1919gogo	1
AnfauglirJS	1
魎	1
windowsME	1
慷	1
SODesigner	1
361	1
鯖	1
mobile01	1
4inamdwetrust	1
smosh	1
ggrunrundela	1
鞘	1
bucketsort	1
諦	1
ost	1
projectOrion	1
shogun	1
tr	1
Johnsnow	1
rrQQ	1
DAKARA	1
CAFE	1
YOUTUBE	1
沐	1
4100P	1
youporn	1
i62	1
14710	1
wakuwaku	1
馳	1
Comeoncomeon	1
codesize	1
sprettygood	1
Asics	1
Hani	1
Mussel	1
Finance	1
儿	1
NewWorld	1
ducksoJohn	1
僱	1
Gg	1
柄	1
800	1
IdiotR20	1
supermove	1
ansi	1
闔	1
0800092000	1
edge	1
djsoda	1
ROCK	1
NET	1
棲	1
崑	1
噻	1
rainearthquake	1
myours	1
inthenameoflove	1
聶	1
cdpro2	1
831	1
弃	1
208	1
ad20	1
14nm	1
Elecman	1
Whatisthis	1
Uber	1
煽	1
chiropractor	1
612	1
365	1
Nowgorelemei	1
玥	1
yayayaya	1
89757	1
EF	1
yellow	1
COMMUNEA7	1
KANO	1
Jing	1
120140	1
bilibili	1
tinyurl	1
F14	1
槳	1
Prada	1
LTD	1
骰	1
1qq	1
6GB	1
teen	1
MOMO	1
cotsco	1
Cd	1
ZF3	1
curry	1
net	1
嫉	1
Egirls	1
tenga	1
Toyota	1
RS56	1
bluecheese	1
Kyrgios	1
鑣	1
klg	1
airjapan	1
KMTor	1
TCFSH	1
xDD	1
evildead	1
cue	1
sm	1
奢	1
stilllivingyou	1
Howhow	1
lag	1
Yo	1
MMA	1
EA7	1
DNP	1
Thanksgiving	1
cockroach	1
烊	1
HelloNico	1
AF	1
MH	1
215	1
坊	1
f1	1
Romero	1
0a	1
thestig	1
晝	1
机	1
r18	1
CHROME	1
xdddd	1
陞	1
kkman	1
hT	1
茜	1
BurningNight	1
析	1
miuterm	1
sir	1
3c	1
leader	1
whenI	1
1z1	1
7777XDDD	1
MIJ	1
bubbletea	1
K2	1
dogmeat	1
Trashmusic	1
穀	1
6T	1
Galle5566	1
XDDDDDDDDDDDDDDDDDD	1
cream	1
airplane	1
M60	1
Herbs	1
ckingbit	1
raddit	1
礎	1
轄	1
five	1
1014	1
TENGA	1
4K6v	1
BeForU	1
cute	1
gif	1
PS3	1
remi	1
powerpoint	1
66000	1
Bommer	1
Orz	1
metoo	1
46	1
TwoStepsFromHell	1
Mona	1
monster	1
脅	1
Deadgiveaway	1
299	1
91	1
尉	1
suck	1
4you	1
sitdownplease	1
uu	1
1055	1
pussy	1
汨	1
boxbox	1
PG	1
陋	1
宥	1
Babyyouare	1
p4	1
啞	1
AXN	1
鮭	1
AKB	1
Glory	1
madtv	1
31	1
filter	1
擻	1
youbetyourlife	1
xxxx	1
BUG	1
metal	1
4w	1
juli	1
湧	1
Pewdiepie	1
OHYA	1
googleban	1
Hush	1
Redditnsfwhardcore	1
JG	1
RS4	1
twitter	1
PDF	1
Alternativerock	1
911BJ4	1
Loser	1
the	1
now	1
dislike	1
3200	1
188	1
鱗	1
witchcraft	1
銜	1
nothingbutshit	1
ssr	1
seefood	1
fhm	1
DJKOO	1
沱	1
leceh	1
leon131417	1
oBasicCanShoot	1
asyourwish	1
RAPEGOD	1
TOFAY	1
Bloomberg	1
姚	1
030	1
ie	1
ntu	1
囑	1
crissy	1
0050	1
MSR	1
SweetChildO	1
蛻	1
REDBULL	1
yourpost	1
IT175cm	1
22222	1
Nownow	1
Jerry	1
閔	1
touchptt	1
NOKIA3310	1
humanInjustice	1
Smellliketeenspirit	1
SHE	1
咭	1
off	1
xxx	1
jma306	1
ShibeZ	1
VER	1
meshowgunmo	1
鎚	1
woman	1
SexyandIknowit	1
3X	1
finals	1
翟	1
SQL	1
259220	1
1996	1
triumph	1
117nsysu	1
vsauce	1
GMP	1
Tgmf	1
Redick	1
蚰	1
SnowSow	1
Gogo	1
1912	1
2E	1
PCMAN	1
towhomitmayconcerned	1
嗝	1
unity	1
elpsycongroo	1
Ihateu	1
輾	1
Bvs	1
standby	1
Maxwell	1
卒	1
solo	1
Msn	1
ujustaclown	1
皿	1
TaylorSwift	1
30up	1
prpr	1
roseofpain	1
whoscall	1
232	1
march	1
INTEL	1
765	1
买	1
琰	1
7777777777	1
HotHot	1
SparkleSunshine	1
901	1
鍛	1
oftheend	1
californiagurls	1
he	1
pedo	1
v4	1
俸	1
my	1
googleinc	1
醺	1
21F	1
Pk	1
辮	1
wrrrrryyyyy	1
TOKYOHOT	1
黛	1
祂	1
920	1
transgender	1
WD40	1
痱	1
髭	1
Brita	1
Dick	1
soldout	1
youtobe	1
gambit	1
2200	1
38	1
usetheforce	1
0932313520	1
TM	1
PS2	1
頡	1
fortain	1
Idontcare	1
Minecraft	1
鵜	1
搧	1
DaveCameron	1
LeaSeydoux	1
Game	1
MRT	1
youdon	1
Crypt	1
themuseofnonsense	1
poNBA	1
弧	1
Songfor	1
NA98	1
panamera	1
tcare	1
IC	1
雇	1
3f	1
駡	1
FAB	1
TA	1
110KG	1
orz	1
笳	1
Lastchristmas	1
cost	1
Hungshowchu	1
s7	1
Mia	1
acdc	1
twobanana	1
findmydick	1
SIGNAL	1
de	1
55555565	1
SSUU	1
imgur	1
APPLE	1
166	1
vim	1
rrr513	1
RPG	1
耙	1
52	1
Zooey	1
Nocountryforoldmen	1
棧	1
Gogoro5566	1
FG	1
弒	1
Shananananananana	1
SF33	1
coldplay	1
KISS	1
犁	1
gnuglibc	1
FORCE	1
995	1
waiting	1
pokerhow	1
safari	1
R17	1
1835	1
Donttouchmeelmo	1
megumegufire	1
M19	1
brautiful	1
thuglife	1
Trumpistriumph	1
2900	1
RO	1
GGRUNRUNderG	1
GAYBAR	1
shutup	1
V6	1
鹵	1
122	1
gle	1
CARHAND	1
zxc7	1
Mobile	1
ABC	1
覦	1
Brocawernicke	1
TheParty	1
oppo	1
204	1
audi	1
筑	1
浚	1
Itisgoodfordrink	1
18X	1
wayyt4ni	1
MIC	1
cldjcabojljgv	1
ITUNES	1
TehePelo	1
雿	1
LNG	1
ph	1
ratuo	1
AUDI	1
CWB	1
R2020	1
32Y	1
Gogoro	1
AngularJS	1
娞	1
怯	1
firstlive	1
PUSH	1
幡	1
7d	1
MAYSHOWGUNMORE	1
77777777	1
Pro	1
贓	1
karatebig	1
F7	1
ccc	1
1XDDDDDDDDD	1
sivhd	1
倖	1
cookiejam	1
Subway	1
gre	1
SAMA	1
PK	1
SESHOT	1
dropbox	1
枸	1
too	1
ABAB	1
Erika	1
15p	1
n	1
圃	1
2D	1
36D	1
samsungpay	1
MO	1
rape	1
MARUTARO	1
LeBron	1
YOLO	1
閥	1
ILiketo	1
甕	1
133	1
Lime	1
株	1
elta	1
imas	1
DOOMMAN	1
High	1
8X	1
Toyz	1
Su	1
Win10	1
oOp	1
JoJo	1
螳	1
ga	1
bustards	1
撮	1
helloworld	1
1mm	1
yooooooooo	1
戩	1
TIGHT	1
JB	1
Foolhd	1
9487	1
221	1
37C	1
DonaldObovTrump	1
202Q5000	1
LH3	1
700w	1
spec	1
32B	1
Deepweb	1
Dyson	1
輓	1
evar	1
俳	1
嘈	1
痾	1
FUN698	1
蠆	1
逞	1
hani	1
fingerstyle	1
紳	1
communication	1
jun	1
ZZI	1
槻	1
tumblr	1
smithchart	1
veux	1
violation	1
onlymyrailgun	1
django	1
oldhermitcraftorder	1
殉	1
520	1
party	1
匐	1
Greendicksucker	1
Jay	1
螋	1
EAD	1
96	1
憎	1
珀	1
DCP	1
沁	1
UltraBoost	1
ISO	1
Igotthekeykeykey	1
耆	1
NPC	1
yourface	1
340	1
roots	1
3300	1
唄	1
Whocares	1
911EnterShikari	1
磊	1
1vs15win	1
嗅	1
iOS	1
ab	1
OPN	1
SG	1
thecakeisalie	1
Stussy	1
chickenattack	1
fc200v	1
AmyClara	1
Ver	1
wd40	1
VI	1
xDDD	1
whereareyou	1
Magic	1
Kk	1
Awholenewworld	1
lamigo	1
楣	1
mgone	1
faggot	1
唆	1
FILA	1
諫	1
MingLee	1
WWII	1
wtffffffffff	1
wot	1
mostillogical	1
jj	1
Ken	1
TyraBanks	1
烽	1
prank	1
cumonbaby	1
簧	1
Pitt	1
恢	1
tony	1
2der	1
amazon	1
澈	1
痺	1
Fulluslp	1
PLAYONE	1
EE	1
Mazda3	1
2004TVBS	1
callcall	1
Dearmyfriends	1
sushiallnight	1
掘	1
partyintheU	1
Young	1
256	1
GNR	1
ladygaga	1
KG	1
MeiFan	1
攴	1
k3xDDD	1
kingdom	1
downGa	1
bass	1
champion	1
Igotapresentforya	1
68	1
25W	1
Tesco	1
訣	1
LOAD	1
M0	1
丞	1
RRRR	1
VoodooKingdom	1
贖	1
rawwwwwww	1
dickhead	1
Kappa	1
71	1
胱	1
970	1
No	1
楹	1
CVS	1
HP	1
Thatheartiscold	1
梢	1
kingofnorth	1
烹	1
mt07689cc	1
girl	1
掍	1
haha	1
pixel	1
瀾	1
scania	1
tim	1
Marvel	1
APAK	1
WBC	1
歇	1
energy	1
Rookies	1
map	1
衙	1
29CM	1
蛄	1
粵	1
JilSander	1
eatold	1
4DJ	1
釦	1
adblock	1
derrrrr	1
CaseyNeistat	1
821	1
LovetheWayYouLie	1
sis	1
昴	1
麒	1
sentfrommy	1
寮	1
motherlover	1
onas	1
柵	1
nagi	1
瞼	1
54321	1
fm035j6	1
tma	1
体	1
MissKo	1
freefolk	1
0000	1
DHA	1
DVA	1
fap	1
BBO	1
5p	1
喫	1
騾	1
Iwantedyou	1
2mm	1
澱	1
vvizz	1
freewifi	1
醃	1
啓	1
溶	1
300up	1
js	1
YY	1
4DX	1
LOVEYOU	1
嫖	1
覬	1
Readytowhat	1
5219	1
winter2683	1
mj	1
makiyo	1
002852six	1
BWS	1
誹	1
AAPL	1
釘	1
highendhard	1
禛	1
hitto	1
asian	1
詫	1
port23	1
Thisisabook	1
seab0x	1
diefishfish	1
LAB	1
aaaaaaaaa	1
spotify	1
skin	1
HilN	1
Amoron	1
BG	1
澪	1
purine	1
虜	1
AmandaLove	1
Ir2	1
nininini	1
Tab	1
rc	1
flash	1
pm2	1
kim	1
娑	1
埼	1
RD	1
IDON	1
scholarshop	1
Fbi	1
HBL	1
GeorgeA	1
walmart	1
supreme	1
蕒	1
蛟	1
AmberWang	1
DVD	1
Twice	1
Walmart	1
oor	1
閩	1
udn	1
tomchen60229	1
radiohead	1
碖	1
Esay	1
bubblesort	1
Luismth	1
Beta	1
Mother	1
roomservice	1
wow	1
莧	1
SevenTeqiula	1
磐	1
Neo	1
cosco	1
彗	1
臃	1
Ifeelgood	1
x5	1
艮	1
CARE	1
嚳	1
outlook	1
孌	1
kakaotalk	1
LINEFB	1
MarginalMan	1
NT300	1
buff	1
匍	1
糬	1
擄	1
JR	1
fleet	1
鑲	1
10345	1
email	1
HeyyouMrQ	1
BF	1
Thisismyhouse	1
諱	1
F8	1
realgeforce	1
Open	1
pze100	1
uporn	1
鱇	1
19Ptt	1
rome	1
office	1
YAHOO	1
着	1
01	1
200G	1
BenQ	1
LisAni	1
VX	1
beautyleg	1
888	1
DanielNegreanu	1
900	1
k7	1
JOKE	1
Kiiara	1
ph10000000	1
Iwantplayagame	1
linkinprok	1
潢	1
getwild	1
stepback	1
nnlllnnobvowwwww123	1
fatsoftdick	1
phone	1
LinkedPark	1
2222222222222222222222	1
湮	1
JaneZhangfeat	1
Curry	1
lagan	1
Trumpwinsagain	1
ATI	1
Sailor	1
Robot	1
makegaygreatagain	1
Supershy	1
derU	1
console	1
TR	1
LYS	1
L4D3	1
礻	1
Han	1
RRRRRRRR	1
big5	1
saziki	1
zoeforce	1
gbye	1
gu	1
鶘	1
talk3small	1
shi	1
矚	1
銖	1
鱧	1
DOREMEDOREME	1
蓆	1
蒲	1
htcone	1
200p	1
WhenIwasyourman	1
costcocostcoikea	1
chinese	1
JOJO	1
潶	1
臣	1
freeread	1
陛	1
韶	1
邁	1
ctrl	1
onon	1
lul	1
all	1
駁	1
Va	1
bigbang	1
TRIVAGO	1
齦	1
2w	1
Whereisthetrigger	1
ro	1
WithinYou	1
KevinLove	1
BASS	1
12h	1
codec	1
FGOCGSSGBF	1
烘	1
vr	1
SmoothQ	1
Canon	1
youcan	1
IloveRolex	1
ppt	1
roxkuro	1
acIpvqb	1
JANET	1
閘	1
j147588	1
iamonboat	1
birdman5566	1
ISIS	1
siu	1
温	1
laboys	1
Lim	1
twomix	1
makeing	1
俞	1
sababa	1
guy	1
RRRRRRR	1
225	1
youknowu	1
CTRL	1
motel	1
nonnonnon	1
Head	1
childp	1
GTA5	1
蜒	1
隘	1
慨	1
囯	1
LuLu	1
ZZZZZZZZZZ	1
Nina	1
姉	1
Blue	1
BenBrode	1
箏	1
阮	1
Staff	1
dabin2017FailFish	1
japanavgirls	1
wewereonabreak	1
hiyo	1
CMW500	1
滇	1
TEST	1
棕	1
tartarsauce	1
嫦	1
TAMAMA	1
Fjallraven	1
guetta	1
bikein	1
a000000000	1
E31230v2	1
sai	1
D2	1
obegon	1
BIGMOM	1
rz	1
岔	1
45000	1
哞	1
MLBVS	1
10xint	1
ible	1
everyday	1
gitpullorigin	1
MicorGG	1
pe	1
1234	1
nb	1
csgo	1
jins	1
gogogo	1
1x	1
USA	1
豕	1
grind	1
Sevenstar10mg	1
CoSin	1
RiskyStacking	1
985	1
Iwillbeback	1
vectorspace	1
讃	1
tercel	1
KingOfShowGan	1
Reanimation	1
pdp	1
Hellos	1
MACHINE	1
cindybaby	1
kazekaze	1
FMVP	1
嘮	1
stand	1
Ni4	1
玳	1
RERE	1
work	1
overwatch	1
撸	1
1X	1
GAGA	1
Id4	1
WesternMusic	1
璉	1
豎	1
AllhighBritannia	1
regularshow	1
vlookup	1
BeautyandaBeat	1
goldenx5	1
xDDDDDDD	1
fuckyou	1
茅	1
Bruce	1
Apak	1
system	1
CCT	1
bully	1
LUCCILUCCI	1
Goodluck	1
X4	1
fq5566	1
os	1
LM	1
14Fis	1
170	1
6663	1
dudusex	1
Iwanttogonu	1
tplink	1
joeboy	1
DIU	1
窒	1
OBAMA	1
5cm	1
Davichi	1
癱	1
special	1
FreddieMercury	1
BK	1
ABP	1
Lok	1
颳	1
copy	1
ps4pro	1
RED	1
tobewithu	1
instgram	1
cumgia	1
8F	1
gnome	1
ihaveadick	1
萱	1
Mimimimimimimimimi	1
omaya	1
Momo	1
Chinafunkingpig	1
call	1
F2	1
漬	1
柿	1
Longliveandprosper	1
A42	1
280	1
20cc	1
fool	1
u263B	1
s810	1
9s	1
psytrance	1
Gan	1
2499	1
ktvQQ	1
myphone	1
andlthingabouthow	1
XANAX	1
Bora	1
ANDYOU	1
tvbs	1
ball	1
FN	1
jobwil12	1
Ac	1
Yi	1
叵	1
tight	1
Kururu	1
褪	1
foofighters	1
auo	1
yeeeeeeeeeeeeeeeeeeee	1
1984	1
Tonychen	1
coachsurfing	1
upcomedian	1
fakme	1
TTS	1
hey	1
jjjjjs	1
1FXDDDDDDDDDD	1
NN	1
饕	1
laaaa	1
ps	1
hhhhhhhhhhhh	1
IWatch	1
妊	1
OOXX	1
loop	1
OW	1
XDj	1
2003	1
澇	1
bonjovi	1
ttrythisathome	1
EXO	1
溉	1
fuxdk	1
dickinabox	1
CB	1
qwerty	1
MSN	1
neihow	1
Dreams	1
25000	1
abc	1
Publicagent	1
liberalarts	1
貂	1
costdown	1
碴	1
Shoulder	1
鈺	1
BetzabeArzola56	1
20W	1
whatthefuck	1
XDDDDDDDDDDDDDDDD	1
釜	1
牪	1
sistaralone	1
nfl	1
dickinbox	1
uglyandbeast	1
Republicof	1
Katy	1
minecraft	1
GOOGLEMAP	1
log	1
呎	1
鉀	1
Sana	1
32D	1
uvaoj	1
gsharp	1
seeuagain	1
Zerg	1
codeS16	1
NMD	1
簿	1
MTV	1
Neworder	1
FIN	1
hd	1
鵡	1
117119109	1
500P	1
Swatch	1
1568215891	1
开	1
NAS	1
NTNV	1
腑	1
titchyoubetter	1
Youasianioiot	1
EZ	1
DNA	1
MasterChef	1
4444	1
馮	1
怠	1
Imember	1
diarrhea	1
奘	1
Telegram	1
Verilog	1
someonegreat	1
LittleBritain	1
婉	1
ken	1
YUIsummersong	1
Keroro	1
ni4	1
750TI	1
巽	1
Icemen	1
踝	1
韃	1
SA	1
LTHV	1
81K	1
222	1
苯	1
Yeeeeeeeeeeeaaaaaahhhhh	1
0Ptt	1
kktix	1
Pizza	1
6M	1
GPS	1
twod	1
gaytube	1
柒	1
chromecast	1
SiliconValley	1
DB2	1
China	1
TrollTrace	1
Alphaderyuefu	1
瓊	1
officehour	1
kururu	1
棵	1
墟	1
bbc	1
solarbeam	1
QQQQQ	1
D3	1
YEE	1
叟	1
54	1
yaka	1
lavisage	1
motionpicture	1
LALALAND	1
epicmealtime	1
ubiike	1
bra	1
ABCDE	1
tnf	1
138	1
gopro	1
87878787	1
篷	1
Rr	1
殯	1
ggggggggggggggggg	1
賬	1
C9pro	1
Skype	1
fuckme	1
tonight	1
Whotel	1
湾	1
sj4000	1
籽	1
佻	1
ubuntu	1
瀚	1
1205	1
疵	1
iPhone7	1
nobodycares	1
crosscartoonromance	1
porter	1
K6V	1
singGG	1
Bautista	1
榛	1
daddy	1
youdonterectanymore	1
疚	1
猖	1
Alt	1
RE0	1
top	1
ccrnogood	1
Turbo	1
旳	1
LaoMaDeNine	1
庁	1
袐	1
100kg	1
Swiss	1
thinkpad	1
GT	1
HPV	1
捂	1
Vistaril	1
950m	1
蚿	1
Bandofbrothers	1
769	1
鮟	1
e04	1
訟	1
1513	1
Oasis	1
穹	1
NewYorkDCCA	1
psy	1
蔭	1
舁	1
cam4	1
CRM	1
0800	1
mu	1
Wreckme	1
Thefray	1
Home	1
87P	1
iCloud	1
Producer	1
211	1
6102	1
CLANNAD	1
BOX	1
XDDXDD	1
1A	1
Youareprettygood	1
fin	1
WiiU	1
乩	1
Fb	1
Youmakemerockhard	1
gd	1
MSI	1
stackoverflow	1
chi	1
sean90330	1
Agirllikeme	1
汐	1
x20	1
奕	1
subaru	1
COSTDOWN	1
rainbowchannel	1
perfume	1
箔	1
TawawaMonday	1
macmacbook	1
Explosion	1
NIKE	1
derrrrrrrrrrrr	1
咯	1
JohnCenaEND	1
鰓	1
33K	1
TheWorld	1
屜	1
Gackt	1
渾	1
ic	1
More	1
StevenTyler	1
Joker	1
detention	1
bmi	1
jg	1
鴕	1
nonocomQQQ	1
Uke	1
khs	1
Babyboy	1
Qq	1
741XD	1
che3iong1ngai7	1
Boogowsooni	1
Haha	1
RRRRRRRRRR	1
Betogether	1
噫	1
22222222	1
収	1
mycraft	1
雫	1
JS	1
G7	1
byebye	1
asloop	1
WalterWhite	1
copydog	1
薬	1
telnet	1
40000	1
GTO	1
dodayachendaya	1
蚓	1
肇	1
痙	1
kotsu	1
卯	1
2d	1
隕	1
ken3	1
ElvaSupergirl	1
horsesondog	1
拻	1
dx	1
don	1
慄	1
fu	1
25GQQ	1
16648D	1
alas	1
Dildojump	1
cayenne	1
廬	1
Cicero	1
144w	1
RSA	1
wedon	1
睿	1
Fuckingmother	1
罌	1
AppleMusic	1
遵	1
J3	1
pofb	1
Bignana	1
mpc	1
懇	1
40w	1
dickinthebox	1
敝	1
翠	1
tamama	1
450000	1
soonman	1
娥	1
赞	1
COSTCOIKEA	1
DansGamegoawayWutFace	1
倌	1
askreddit	1
淵	1
WORD	1
unicorn	1
鯧	1
汶	1
CIS	1
8w1	1
KOBE	1
schooldildo	1
疝	1
xn	1
2ba2	1
ettoday	1
like	1
GoodEnd	1
EYESONME	1
baseball	1
Generalissimo	1
侏	1
430	1
jump	1
佣	1
TI	1
Jolin	1
congroo	1
氨	1
googlekeep	1
曝	1
handjob	1
bl	1
紡	1
緝	1
doge	1
on	1
欒	1
弁	1
CAMA	1
Whatdoesthefoxsay	1
888888888	1
JohnCena	1
fleeaaa	1
